index,target
0,22045.05693193432
1,14972.296823335113
2,25955.91691596748
3,58445.609153934754
4,22690.540797162335
5,42945.241126898676
6,27010.388572053867
7,14772.631752679357
8,51253.88873370446
9,37364.92619490612
10,46579.49232832156
11,55964.57564385387
12,26337.240542571642
13,19285.466162319877
14,12922.643234930118
15,30186.487729355344
16,42945.84126591054
17,32155.800065616728
18,44184.49759001436
19,34942.96933932591
20,52863.61383270915
21,28969.695407803287
22,19539.889832976158
23,17769.24909892364
24,17515.56592750619
25,37739.87848110788
26,28381.984172607074
27,23126.20264003554
28,-367.1641756390454
29,39845.23953817296
30,22756.960176916094
31,7435.242346753832
32,28932.629005734227
33,26504.231329508708
34,36124.1093703598
35,37985.454634981696
36,15936.329535643104
37,22814.683413761086
38,42324.5926590208
39,27444.633044257876
40,20037.158396616112
41,27836.086604073644
42,32456.5800880295
43,44557.24675414828
44,17821.925276290393
45,13470.117364994949
46,32962.95271246473
47,9685.421212817892
48,33024.82794844813
49,11442.100606399821
50,56089.56693852239
51,19777.058148905635
52,37364.806167103816
53,44932.43909595464
54,18822.358468450024
55,28684.249590780702
56,15172.856115633855
57,37364.806167103816
58,24716.060313840047
59,38887.43829395878
60,18441.96637011366
61,29923.86613730353
62,14685.690589369508
63,17349.532090262044
64,18310.473773959675
65,29675.846805757028
66,29552.19722339092
67,38643.71226810943
68,25261.796351509285
69,26603.03769976122
70,17909.170190487755
71,35360.46119651059
72,33319.89347703068
73,37984.01430135337
74,23475.483544898336
75,13614.626964277239
76,34729.40661200124
77,28684.609674187726
78,39469.31182029506
79,42601.519421081524
80,29302.01739140204
81,6992.25778552657
82,18047.84254874324
83,65242.69367470802
84,4754.238369787228
85,28807.53908973979
86,16035.743793121655
87,1543.9494614244904
88,24842.753212890588
89,7996.885817156755
90,29181.651181324967
91,13230.302545634331
92,30172.365580059355
93,10401.864680239814
94,18172.182431440568
95,27444.272960850853
96,20989.4457575517
97,25955.91691596748
98,55289.43455370527
99,14511.202220477513
100,41085.69627931225
101,22316.05051915988
102,8090.772883046418
103,31536.351875762455
104,13182.37374458497
105,18223.564769018092
106,21614.858447090606
107,55949.93225196609
108,22553.03294070915
109,25958.360093640164
110,39844.399343556375
111,41458.96817628096
112,33520.02641692455
113,41084.85608469567
114,25496.363648645696
115,33686.359117728076
116,20674.996948196087
117,9253.554130729288
118,58445.48912613245
119,23746.779566136538
120,39655.271257922635
121,55339.72620289342
122,24965.32254503551
123,89678.35406263755
124,18126.320515299914
125,41946.32221597852
126,1101.500388174667
127,3465.114094292745
128,55346.80784323253
129,25955.796888165176
130,29552.31725119322
131,44775.13910730276
132,32383.493023270625
133,14535.853270400898
134,11272.087135155452
135,27299.464103138074
136,74566.50562104641
137,52246.086087692645
138,27940.071568339015
139,29498.163067381596
140,16145.20177233778
141,42359.604563995614
142,52866.614527768106
143,29675.366694547585
144,23476.083683910198
145,32948.151345258346
146,4165.99026106298
147,49637.47686231905
148,39803.07921405125
149,51625.91773102421
150,31048.78859327454
151,16743.25071461301
152,40837.67694776575
153,37364.206028091954
154,37489.71330634458
155,25955.676860362757
156,12896.980230225483
157,12539.83924474637
158,17159.606029217364
159,52244.88580966904
160,29451.067190096714
161,17584.995126663707
162,12727.627710188157
163,44780.33749318984
164,52866.25444436108
165,29924.226220710552
166,21403.887490681722
167,61545.73077046289
168,36961.89295379259
169,31536.9520147742
170,25956.55967660481
171,25724.372206158587
172,10161.783883149386
173,1107.1139773870818
174,28922.18658692902
175,28548.233358874335
176,23600.09334968333
177,12769.282315835473
178,-2865.0232537386473
179,43791.563755478826
180,32029.760337992455
181,21365.518809718196
182,9136.247225044994
183,15845.899601270561
184,27444.15293304855
185,15418.564194980776
186,37190.447662151186
187,30904.03506363032
188,37365.40630611556
189,33243.82644656976
190,61546.69099288178
191,16611.71481159411
192,51005.02920754161
193,31846.11712875229
194,32371.730298639508
195,28685.351003519027
196,45923.31614411692
197,3458.4344292347087
198,52866.01438875636
199,54109.15436317306
200,14899.78546234488
201,43563.60906653176
202,52866.01438875636
203,43688.6989825262
204,28932.629005734227
205,25881.008488236228
206,16401.620149002876
207,15499.218875688268
208,16574.18781549018
209,19378.94195635151
210,52865.414249744616
211,24165.243892780156
212,27694.375386662898
213,14480.09571907227
214,29924.586304117576
215,39844.399343556375
216,52866.614527768106
217,23475.603572700755
218,36960.92302295694
219,18334.44472211192
220,30070.023973101866
221,29179.68811486184
222,37393.097244897974
223,13739.829614911578
224,44932.43909595464
225,24837.38674633589
226,9464.046126059256
227,30065.436137015582
228,54189.7648076528
229,25248.49748411053
230,41705.74460817827
231,18215.366576284054
232,44791.34286062105
233,31535.63170894829
234,17940.44917745795
235,18837.396388183464
236,8639.765778268571
237,19470.29446770542
238,23224.300868865103
239,13792.485576092731
240,43565.889594776556
241,28807.53908973979
242,18262.386750854086
243,18515.456997376634
244,24220.381734154187
245,44805.50614129938
246,30079.05338178703
247,23847.75259782269
248,52866.614527768106
249,12719.051991187502
250,16226.201410567272
251,30792.894020134932
252,24412.0665369404
253,17470.80685286643
254,23848.232709032134
255,28285.140262598987
256,15857.660322487238
257,16678.54189052747
258,52866.614527768106
259,29457.414095256012
260,40465.64795044612
261,12954.439306915272
262,27940.311623943737
263,29179.568087059422
264,24839.82992400846
265,7628.627034627367
266,30953.642060307087
267,33520.74658373871
268,13504.827203285182
269,28063.961206309847
270,41084.496001288644
271,16520.57733782963
272,23848.352736834553
273,30990.35581362329
274,25824.373954325216
275,-3827.1750379890436
276,16068.005624530604
277,23847.75259782269
278,39845.59962157998
279,27444.272960850853
280,16035.623765319237
281,43565.889594776556
282,33668.44383503066
283,47480.08739545301
284,33341.16886656219
285,56090.86583787191
286,29111.684897547006
287,42945.84126591054
288,42945.361154701095
289,36443.226353765465
290,28684.1295629784
291,32770.40619783418
292,28702.941045480315
293,39845.59962157998
294,30615.20615156181
295,24590.730342240888
296,37365.40630611556
297,24854.851700934465
298,28354.166057712864
299,20495.169922049856
300,25617.688435798977
301,13579.096359685296
302,67623.04458796722
303,30094.744654598995
304,16515.90421833191
305,52866.01438875636
306,44804.78597448522
307,41085.69627931225
308,17755.205660207896
309,12072.470764397993
310,44804.78597448522
311,16884.048974599224
312,12031.491630924284
313,17685.004150033812
314,32157.000343640335
315,17005.993649117067
316,27629.750018993975
317,28325.15303062182
318,55346.80784323253
319,-1742.349844927201
320,30321.322002828354
321,33923.76791906124
322,19186.868521686294
323,41083.17569546262
324,52865.414249744616
325,25449.565370677272
326,31005.457826871774
327,7507.717335969675
328,18521.19730258058
329,30419.544716989272
330,31457.91747716267
331,53610.67252240749
332,15320.866423810134
333,12352.688391521573
334,37146.79983638681
335,27443.432766234386
336,32775.59385937231
337,30172.605635664077
338,3811.796951009659
339,27444.15293304855
340,52858.812720614835
341,4959.032204176299
342,21511.53475618607
343,17753.19123741309
344,18545.657591696712
345,29423.90134128416
346,17975.035587499617
347,15542.771794133005
348,1635.3335987165337
349,34739.342267720494
350,19043.5219962704
351,31607.07906416594
352,14448.336788773304
353,31490.261199656758
354,28436.710370443645
355,29675.846805757028
356,23438.081615092
357,29307.22120852885
358,30046.795552855474
359,21368.159421370132
360,23476.32373951492
361,16841.130563526298
362,28681.84903473349
363,44804.78597448522
364,51294.67891665222
365,38945.442862643744
366,20339.015210684505
367,24557.80669692054
368,28684.489646385424
369,29182.25132033683
370,16695.94427652692
371,18074.061797171133
372,13830.3263895727
373,8735.260971283074
374,8379.35413278779
375,8348.703651649179
376,32157.000343640335
377,30296.855357042048
378,25885.65970604529
379,16129.412319644121
380,6663.709153294098
381,14268.274869050132
382,50491.76309000875
383,13475.36228612496
384,1421.3529959624866
385,24656.808471349068
386,41580.53466438153
387,39192.09999649017
388,43565.16942796251
389,29552.31725119322
390,27444.272960850853
391,15395.952285915148
392,31800.386663773912
393,25126.659486699267
394,4331.477088689804
395,14583.36497954023
396,23862.134289157693
397,21708.15856733988
398,35752.68051205191
399,28499.166719544097
400,13688.367254230427
401,41085.57625150983
402,51968.79608909914
403,40464.087589015486
404,26155.549475834356
405,31536.231847960036
406,19938.8425176217
407,21161.925093901926
408,53194.82375767012
409,34138.316950380686
410,42945.84126591054
411,12860.067715498968
412,30005.23390824278
413,28064.081234112266
414,30172.00549665233
415,28808.739367763395
416,42945.84126591054
417,38604.30268582422
418,37182.72399092617
419,10239.0224086229
420,54077.304373922525
421,21243.429588782717
422,30296.73532923963
423,29676.08686136175
424,18930.474435411394
425,16499.33873626392
426,20235.884190790006
427,29515.168825967354
428,27444.392988653155
429,9641.247766943532
430,4520.435148361139
431,22233.946553537855
432,11768.06047558214
433,39968.529037132044
434,46219.84476548806
435,16504.42198167683
436,37613.42563766206
437,23958.668941950076
438,16431.743482989375
439,24593.59665771178
440,18121.065156001714
441,16835.723178808228
442,27442.952655024943
443,68137.99375730788
444,-5454.441515628714
445,29924.826359722298
446,13098.996989803272
447,40047.06538397074
448,27443.432766234386
449,53608.031910755555
450,29304.65800305386
451,28682.32914594293
452,-4915.4623940949095
453,52246.56619890209
454,29182.011264732108
455,28808.259256553953
456,25501.001195721095
457,23101.61150891788
458,42324.95274242794
459,11245.612718845368
460,15402.94140780007
461,26368.735424602986
462,15017.66733262653
463,43565.52951136953
464,33995.44679478882
465,27444.272960850853
466,27444.633044257876
467,52859.29283182428
468,41085.09614030039
469,45744.74631677347
470,29675.726777954726
471,4870.32943317038
472,54972.33566824021
473,28064.44131751929
474,24964.19967318885
475,27192.521688371664
476,12382.649217408034
477,23779.665910319774
478,40589.057477207505
479,44722.60393441573
480,19154.218584350892
481,22644.857477887883
482,24592.050648066797
483,29428.66766882711
484,12455.394482431817
485,8403.208153631538
486,38365.0343047902
487,37921.2341436405
488,15718.096227443893
489,9950.394888499053
490,14723.816623054212
491,32736.456900609774
492,28684.729701990145
493,27578.426371070906
494,23847.392514415667
495,23850.195775495376
496,20619.832056877087
497,26948.114269955666
498,27165.22330911248
499,16189.749144584988
500,46905.081132017076
501,44184.73764561908
502,2560.5244667234365
503,27532.046472283197
504,22235.98702617793
505,55345.48753740662
506,32988.89328613982
507,-242.7839186899364
508,39597.5802900336
509,37613.06555425492
510,41953.16380071291
511,40837.67694776575
512,33519.78636131983
513,27428.789374346612
514,44058.933210630435
515,26204.41635872342
516,44932.07901254762
517,28931.78881111776
518,20795.94429664279
519,24409.583528927527
520,8686.518233612762
521,7730.21731159708
522,13550.062386657111
523,44643.44696316752
524,39465.366112074465
525,23474.64335028187
526,85097.93470369244
527,27443.432766234386
528,54964.89394449408
529,61546.9310484865
530,37117.04154838773
531,31818.964379382553
532,31210.129692515125
533,23101.251425510738
534,20361.211787295295
535,17964.71646922268
536,37115.586557533825
537,8426.465453868965
538,14705.558014569688
539,12717.808963818243
540,55346.80784323253
541,26947.874214350944
542,24590.490286636166
543,50760.6533316914
544,55345.367509604315
545,9108.724486530526
546,25586.33109632053
547,11166.038850229816
548,27940.071568339015
549,27444.03290524613
550,33148.671364736045
551,22541.24945598084
552,29632.476553314482
553,27939.47142932727
554,14575.844204274588
555,39969.60928735323
556,12967.966518087662
557,33001.3905019915
558,38605.26290824311
559,15855.424963193946
560,16369.442848226172
561,38979.97513884015
562,26423.782291534008
563,2580.745053847786
564,26193.973939918214
565,29676.32691696647
566,7780.339036154095
567,52866.13441655878
568,28932.148894524784
569,11698.03193676495
570,29676.08686136175
571,43208.68875704124
572,23476.083683910198
573,55966.1360052845
574,10118.685393396881
575,30043.596180894645
576,24963.59953417699
577,12992.760545164812
578,18133.87734878005
579,8491.705259703449
580,22483.123630342307
581,29428.547641024692
582,37364.6861393014
583,44805.50614129938
584,-2800.6842214768985
585,31535.511681145872
586,30619.31308856781
587,41084.496001288644
588,21366.479032137082
589,20468.556421302143
590,29182.611403743853
591,20199.00578898308
592,55728.7306932573
593,52866.13441655878
594,8476.843615619699
595,32412.90602658002
596,28914.72413382586
597,24591.810592462076
598,29923.386026094086
599,47906.10786903696
600,28684.489646385424
601,30455.179352255538
602,32651.59867310489
603,30047.63574747194
604,55966.37606088922
605,37612.34538744076
606,30168.64471818623
607,29807.42372940702
608,26539.189056126168
609,46934.04886678781
610,44805.38611349708
611,16289.95724727679
612,15469.410946300952
613,18763.449094274547
614,5697.425965063856
615,27009.197342296364
616,42077.77360549802
617,12569.040183239616
618,48611.37032049801
619,52866.374472163385
620,55965.655894075055
621,28888.043235270423
622,42945.72123810812
623,20396.126827038126
624,27444.15293304855
625,33764.32488659781
626,18997.498762484407
627,37044.898403479485
628,30113.06538475072
629,36383.84464733512
630,23848.352736834553
631,42020.41497319634
632,31288.932683227817
633,14372.162485652603
634,26205.089932175004
635,30693.823574235663
636,17418.088181594503
637,29676.20688916417
638,42573.33215738146
639,37985.214579376974
640,7352.740311348229
641,30718.280295024975
642,47902.62706276856
643,32877.87138559588
644,20090.117251213058
645,27976.221887236927
646,37067.257245057495
647,42429.81523867487
648,39717.776606219704
649,10197.982440752443
650,34925.61071654328
651,19176.38476852642
652,14752.495320982649
653,29924.226220710552
654,28684.1295629784
655,43564.80934455537
656,29303.860430062865
657,-17309.66623440315
658,20188.042296183994
659,27599.61853437347
660,37984.61444036523
661,24983.185228478513
662,11568.060999685084
663,21752.93234241719
664,24713.773868563352
665,41458.96817628096
666,14746.228908886667
667,14845.466970981564
668,21368.159421370132
669,36992.29705857474
670,29053.115243613604
671,42945.84126591054
672,42944.88104349165
673,24591.210453450214
674,52866.614527768106
675,44931.23881793115
676,28895.264331726707
677,10116.538315377431
678,18197.15247872693
679,19827.33929032483
680,18095.710152972606
681,24484.499576162663
682,41182.986585842445
683,6023.381043897825
684,15758.162754271412
685,44557.966920962324
686,35505.261319517274
687,-1173.2913206137018
688,38221.30853686447
689,35215.164532006136
690,22612.253271374735
691,5486.684259480564
692,19794.264016516856
693,42945.84126591054
694,-252.94524748786353
695,30172.245552256936
696,21491.088836922077
697,26871.357885494945
698,21918.193868644652
699,43565.52951136953
700,26280.24700872542
701,16475.948798760888
702,44805.50614129938
703,38175.504085414694
704,28064.081234112266
705,19600.501516032265
706,29434.158568081446
707,55346.327732023085
708,27798.851519305957
709,29255.47674526961
710,24714.390035443706
711,27444.03290524613
712,55966.25603308692
713,4356.467878114199
714,11500.636098714313
715,25969.69373606192
716,31506.072844571434
717,21123.50752056064
718,18304.093357912032
719,17401.86985991022
720,17104.74458883342
721,42665.586758192745
722,31030.84707489214
723,42324.5926590208
724,32309.31730091595
725,53272.85639756883
726,29854.09304106806
727,32739.480788979563
728,18429.626039630733
729,16403.291713843588
730,28064.68137312401
731,18597.809939149185
732,24716.30036944477
733,39967.92889812018
734,29873.037403494818
735,21615.33855830005
736,16805.831881863996
737,28064.44131751929
738,38604.66276923125
739,12292.097755460767
740,17655.60777662415
741,5429.649527702713
742,50760.53330388898
743,27444.633044257876
744,38605.14288044069
745,13463.53217729379
746,33520.38650033157
747,55345.127453999594
748,26982.368304559262
749,52245.36592087848
750,38002.23834186664
751,22235.814027441782
752,24133.748471188475
753,43425.13927690429
754,37364.806167103816
755,-1546.4848735039122
756,9509.83093597542
757,40963.2895965951
758,19567.551975966082
759,58447.04948756308
760,31908.38087308209
761,58366.47461886681
762,31536.71195916948
763,19980.511523754103
764,55346.4477598255
765,11553.157277887454
766,17008.60559187038
767,30792.894020134932
768,24591.810592462076
769,33148.23769178963
770,-14451.355139265652
771,24963.83958978171
772,51265.10854005546
773,28524.64348457812
774,21438.51639027719
775,45196.69937120518
776,55346.20770422078
777,55313.080030769925
778,29674.046388721676
779,6662.027790350374
780,35752.08037304017
781,42573.81226859079
782,30860.90792293835
783,13969.229153135559
784,12167.64735403948
785,14977.492886487045
786,2740.584573223372
787,11157.986289511784
788,24591.09042564791
789,48623.973239745595
790,28683.529423966538
791,36281.85249641561
792,59711.731659333454
793,39455.32096706203
794,55342.60687015008
795,55322.253172749304
796,41189.26233032439
797,44557.966920962324
798,15356.704839886399
799,25955.91691596748
800,35666.06090186082
801,-1080.5981953368755
802,37612.94552645262
803,28064.081234112266
804,43415.00903013267
805,52245.12586527376
806,17917.43595326168
807,43565.76956697425
808,51005.38929094863
809,30688.94524180412
810,22741.86308173614
811,10952.42012614687
812,27443.91287744383
813,42944.76101568923
814,33253.07829576812
815,7584.016452998738
816,15200.819320857292
817,46112.45266786567
818,21768.89203765348
819,5088.883135764394
820,9466.874821345438
821,17114.57454328332
822,17054.52598527295
823,30048.715997693245
824,23850.195775495376
825,12916.329146826058
826,17302.01146057679
827,55328.80367287877
828,39967.92889812018
829,14734.600010511815
830,39844.399343556375
831,11650.35431907943
832,27444.513016455574
833,36176.21111762093
834,36837.47579263849
835,23848.352736834553
836,24590.730342240888
837,55344.88739839487
838,55346.80784323253
839,52866.01438875636
840,15634.897959767492
841,12546.502823816263
842,39157.74599517044
843,38605.50296384783
844,15476.858317867038
845,43565.16942796251
846,24591.690564659657
847,17078.09057963593
848,31138.193822074565
849,4877.945999616291
850,45924.39639433811
851,33483.42780408263
852,16319.702466573333
853,34468.67502701352
854,39842.95900992816
855,21491.3288925268
856,32692.1320428279
857,17874.412024632562
858,30387.689110659296
859,53704.868513993686
860,24841.792990471702
861,12020.508080673288
862,28434.909953408292
863,24966.162739651976
864,13795.621597071178
865,41705.62458037597
866,16224.8344806385
867,41458.96817628096
868,-139.5624935167143
869,52866.614527768106
870,36677.01653805585
871,14814.394334185054
872,61546.69099288178
873,23553.35035150312
874,22456.755159260938
875,12989.587364540901
876,46739.10325561289
877,28311.02031543746
878,32025.263034905074
879,41457.24516542244
880,37549.10808147758
881,24657.403441039496
882,16634.77113172668
883,33459.89251868334
884,44805.26608569466
885,27443.192710629664
886,44557.966920962324
887,18133.678513417486
888,40436.112407100154
889,39845.59962157998
890,9295.442020529299
891,41456.765054213
892,27444.633044257876
893,27444.392988653155
894,9679.238602429046
895,30916.183519093902
896,29440.211500370642
897,45675.07208582328
898,18865.83280968631
899,4782.106677111122
900,32155.800065616728
901,36126.312492427765
902,6225.478164467029
903,40712.94711517834
904,17437.878802648862
905,48072.55021759425
906,29575.44640373462
907,25212.09897693293
908,17370.842423632042
909,22236.22708178265
910,28659.40383569256
911,38604.782797033666
912,27182.672191494377
913,6040.353529076558
914,41085.69627931225
915,-1701.4972265883116
916,23341.63159933174
917,32572.32518131961
918,22044.324332240503
919,34439.07787081995
920,41084.496001288644
921,19316.35869377479
922,14216.795940940152
923,31536.351875762455
924,24592.41073147382
925,16287.644477455178
926,37540.772060009884
927,8612.610716275987
928,27444.633044257876
929,9496.731749929604
930,28155.895798013662
931,-3854.837035299628
932,36282.45812379639
933,11743.968698148848
934,32686.339926240733
935,28447.878090711776
936,29924.826359722298
937,13454.15252133843
938,58445.849209539476
939,37776.94615683996
940,52866.01438875636
941,-1742.3121413703775
942,38605.50296384783
943,23847.75259782269
944,41950.72062304034
945,41955.62084774033
946,29924.826359722298
947,18241.36185509537
948,21094.815899609006
949,33366.030777239124
950,29924.826359722298
951,17628.859979660716
952,20872.120758277248
953,9224.317203622311
954,43566.01694648177
955,11580.392479222734
956,15403.273142346414
957,9841.508788293926
958,25790.852310547954
959,52866.494499965804
960,11130.726621202659
961,22235.98702617793
962,28309.05724897422
963,-4250.420229083742
964,63406.23584046832
965,16001.908194827847
966,20442.160313152475
967,24793.613974700565
968,-6359.1388320492115
969,10700.856982640224
970,33970.85951187543
971,46799.07053268922
972,21490.968809119775
973,-4547.542014932726
974,10490.671171411406
975,36744.03767142352
976,41681.412338047754
977,29303.577752832673
978,31781.953924382105
979,28681.00884011702
980,50760.41327608668
981,24839.82992400846
982,23475.96365610778
983,16266.39955643774
984,44804.78597448522
985,46666.13123910711
986,28682.4275287973
987,22802.354904870503
988,55345.84762081376
989,31517.851655190578
990,12203.342965194257
991,55346.4477598255
992,55346.20770422078
993,39596.38001200999
994,21491.60540876584
995,54970.535251204856
996,26741.452474880265
997,31892.938537560403
998,55345.60756520904
999,1389.2419470507884
1000,30165.283939720248
1001,29186.130188268842
1002,28684.00953517598
1003,25175.949879066087
1004,14315.432872353704
1005,5965.369540122338
1006,8564.218995787553
1007,55345.48753740662
1008,13515.604027331574
1009,55345.84762081376
1010,33415.885122683016
1011,15741.76373826887
1012,28683.409396164236
1013,24964.43972879357
1014,25869.286381816142
1015,61792.86728576734
1016,24468.03779842751
1017,17325.860749191954
1018,26608.38918175886
1019,16145.164802883752
1020,55346.687815430225
1021,19532.547676887247
1022,38603.94260241708
1023,16557.67716627859
1024,21491.68897593394
1025,46073.98257864243
1026,24839.58986840374
1027,15552.585897297948
1028,16515.85048690648
1029,12192.076623600326
1030,29797.653349462315
1031,24965.082489430788
1032,5580.914297436946
1033,33214.81256200711
1034,32736.38684571488
1035,14840.935948855593
1036,58447.04948756308
1037,19227.627931980067
1038,36824.42008568987
1039,37739.278342096135
1040,16400.747097170795
1041,4149.459453785326
1042,26945.953769513173
1043,27444.272960850853
1044,10385.528461887967
1045,51005.14923534391
1046,15536.502171781962
1047,42328.92407069472
1048,29762.34031601448
1049,24590.97039784561
1050,36705.253393144696
1051,29853.281085551018
1052,16262.58180195361
1053,33108.4044892753
1054,22122.97405461059
1055,18470.45389539504
1056,28876.617400735733
1057,28311.260371042183
1058,27444.03290524613
1059,32032.773244282347
1060,58446.0892651442
1061,36744.03767142352
1062,9674.93071040709
1063,29675.726777954726
1064,13809.842669771868
1065,27901.43321260845
1066,27901.136696763802
1067,16058.074828760233
1068,31297.241195347393
1069,25930.664298270014
1070,29059.201876982464
1071,15341.565308920806
1072,26702.41808827943
1073,26858.177201934974
1074,55345.60756520904
1075,55966.1360052845
1076,26945.67109228298
1077,23101.49148111546
1078,13959.717148385942
1079,52865.054166337475
1080,17336.805742765893
1081,42942.48048744444
1082,28960.862893537153
1083,52866.374472163385
1084,46544.41257048724
1085,16135.482195393066
1086,46942.17013913707
1087,33519.78636131983
1088,42323.032297590165
1089,24315.419809658662
1090,7566.148130165529
1091,24592.050648066797
1092,29183.211542755715
1093,12738.163005519425
1094,27444.272960850853
1095,35703.10902967793
1096,24715.220119223464
1097,47217.712938949466
1098,55414.60825344792
1099,9038.420731526101
1100,11878.478942077607
1101,27444.272960850853
1102,32037.572039402206
1103,36497.09859009832
1104,58446.0892651442
1105,31924.17376131378
1106,23474.64335028187
1107,37484.54567515245
1108,27028.951303105336
1109,23974.805580280372
1110,28052.55856508587
1111,8675.301659001037
1112,27435.44471941027
1113,52243.19012231892
1114,27443.79284964141
1115,52865.414249744616
1116,3572.8378102224087
1117,13210.497958245222
1118,19725.363927765633
1119,40612.3132209623
1120,21074.536177198403
1121,31251.723237765487
1122,30914.460508235497
1123,4672.349374215235
1124,21013.134917512303
1125,44805.986252508825
1126,39844.99948256824
1127,29292.045336529147
1128,18531.51415987604
1129,61546.210881672334
1130,52863.25374930212
1131,9268.749781822087
1132,28063.841178507544
1133,35226.66225261823
1134,40489.38872347877
1135,13314.476947359275
1136,29823.141224296298
1137,55344.76737059245
1138,28147.845342041226
1139,26203.696191909257
1140,61544.6505202417
1141,29552.43727899564
1142,3619.5064638593467
1143,16507.782760142814
1144,44181.21680939931
1145,32398.56079587934
1146,6758.177579201991
1147,22255.703314170358
1148,27366.374917120324
1149,31412.582265593926
1150,36477.55995305977
1151,27444.513016455574
1152,15058.221559426864
1153,-2526.1026156676235
1154,48661.88745692512
1155,20200.27690977254
1156,20328.299093314447
1157,872.2601505739149
1158,35980.53447379114
1159,23624.663207532605
1160,35436.10439016216
1161,55346.687815430225
1162,29976.45437334536
1163,58265.6874781996
1164,19800.57048930484
1165,35298.49530792795
1166,32486.881413909025
1167,37303.721696741064
1168,21420.114732911694
1169,29303.577752832673
1170,9847.553901468287
1171,21491.56894813152
1172,26946.673936327337
1173,14463.516770069371
1174,2226.5640870970674
1175,33399.633829670725
1176,8071.037678920315
1177,20620.24035161012
1178,29304.057864042115
1179,28897.580887445598
1180,35127.70707155217
1181,31696.94989392918
1182,12289.40460294718
1183,29675.966833559447
1184,36668.29524080735
1185,50368.75548040902
1186,44931.8389569429
1187,15048.039412412094
1188,42573.21212957904
1189,37984.37438476051
1190,44805.26608569466
1191,14199.985480847536
1192,28807.899173146812
1193,13684.732723431545
1194,15736.652395084384
1195,-13035.475272479584
1196,7426.403304885724
1197,41948.68015040015
1198,41084.736056893365
1199,17809.333648331114
1200,40897.01843840489
1201,23476.32373951492
1202,10515.803248135257
1203,25956.036943769897
1204,24582.9285350875
1205,29603.529092848767
1206,-7198.312033670256
1207,31536.831986971898
1208,47190.46662781411
1209,16674.15430692106
1210,23116.72503438627
1211,13956.341929274378
1212,24974.740532967728
1213,28683.88950737368
1214,21747.39011757169
1215,4670.131997341639
1216,42944.64098788693
1217,42945.84126591054
1218,18668.4478690431
1219,28064.44131751929
1220,27505.845794698223
1221,20780.611520015053
1222,23418.159113076166
1223,42945.4811825034
1224,26483.409643269493
1225,48728.63026631833
1226,63404.435423432966
1227,52860.493109847885
1228,25197.293396156747
1229,22468.861939430586
1230,16444.45052989095
1231,21670.26943064644
1232,31487.07931506727
1233,58447.04948756308
1234,43564.92937235779
1235,43564.689316753065
1236,34635.513269871706
1237,11225.866839069757
1238,52862.8936658951
1239,30172.72566346638
1240,21610.177362798597
1241,35356.25457560818
1242,28684.369618583005
1243,41705.50455257355
1244,39504.06269298773
1245,37613.42563766206
1246,52866.01438875636
1247,55345.247481801896
1248,48659.96701208735
1249,32155.560010012006
1250,15467.328281834372
1251,10432.488373188069
1252,15078.703564284486
1253,36049.80727337184
1254,18421.910449439078
1255,23974.68555247807
1256,18493.539665819146
1257,27163.130904662423
1258,29872.014126684633
1259,15016.387060939684
1260,21018.11157049099
1261,27021.511768613243
1262,12919.083690702333
1263,24258.46682229638
1264,-7553.746163879638
1265,40684.38049821707
1266,27769.89309053193
1267,54105.75096308149
1268,46775.37665845908
1269,5745.206508467556
1270,37612.7054708479
1271,28806.09875611146
1272,55346.20770422078
1273,46284.34558970586
1274,9275.421370198252
1275,45923.796255326364
1276,24472.56930199417
1277,16804.22884068836
1278,55342.9669535571
1279,32004.924477160792
1280,58821.5216625554
1281,58820.92152354366
1282,52866.494499965804
1283,24579.087645412073
1284,26701.817949267686
1285,58445.849209539476
1286,11707.760380487423
1287,37365.40630611556
1288,15049.08815080789
1289,13287.736425598967
1290,44351.659375634394
1291,61545.130631451146
1292,23390.89481516974
1293,833.3209322209004
1294,31666.39374446799
1295,65267.46107728779
1296,42945.84126591054
1297,37362.76569446374
1298,50760.41327608668
1299,17767.22652549483
1300,28684.00953517598
1301,21368.159421370132
1302,27637.86250793771
1303,27444.633044257876
1304,15973.878149315831
1305,37665.706433899
1306,46046.087731329724
1307,28312.22059346107
1308,45386.97257467464
1309,27444.513016455574
1310,2483.9115324275335
1311,29924.226220710552
1312,21104.981192850275
1313,28683.649451768957
1314,7665.290647155372
1315,27444.633044257876
1316,26403.791547846282
1317,41952.683689503465
1318,23476.2037117125
1319,29552.797362402664
1320,28807.65911754209
1321,43919.152579634334
1322,27940.191596141434
1323,12761.958920781035
1324,55346.80784323253
1325,17881.11501072161
1326,24590.61031443847
1327,29338.686754217488
1328,27940.67170735076
1329,26204.05627531628
1330,44805.986252508825
1331,28311.740482251626
1332,33552.582221203484
1333,43564.689316753065
1334,4403.606580823311
1335,19739.084928511642
1336,29422.786306511494
1337,45590.40494546667
1338,36496.7385066913
1339,41460.16845430457
1340,23847.87262562511
1341,27444.03290524613
1342,11657.583169401274
1343,29428.067529815366
1344,17366.626718545333
1345,32624.028739196714
1346,62167.33946075966
1347,55345.367509604315
1348,51506.30250057578
1349,12815.733189460821
1350,37419.1104925212
1351,31112.000623491826
1352,32213.28230388672
1353,27692.05223679263
1354,44805.38611349708
1355,-15150.517088003107
1356,6685.9608627137495
1357,38605.50296384783
1358,23475.123461491312
1359,30418.082796532428
1360,44795.3875925875
1361,45011.526338649215
1362,30720.200925702462
1363,35464.13367518247
1364,25756.75094774342
1365,17600.47544044198
1366,27444.633044257876
1367,28683.529423966538
1368,17099.46317968995
1369,24587.009480367764
1370,14356.842464167392
1371,44805.986252508825
1372,14225.191451414488
1373,28119.764700689353
1374,42945.121099096374
1375,60343.57257931365
1376,21244.14975559688
1377,25586.931235332275
1378,17617.192444178625
1379,41460.04842650215
1380,43564.329233345925
1381,34884.01271262753
1382,55346.80784323253
1383,53733.481910157134
1384,12129.674315133947
1385,22236.22708178265
1386,24588.92992520542
1387,3598.9643901654053
1388,41952.56366170116
1389,19290.513579869992
1390,18413.379926605267
1391,8068.445694785682
1392,36115.45372424519
1393,35273.80622711626
1394,42945.241126898676
1395,30171.52538544289
1396,27384.619143078802
1397,19305.708969044266
1398,2770.597339513595
1399,43789.03023064707
1400,15456.23270873574
1401,28310.420176425716
1402,25955.316776955733
1403,39844.399343556375
1404,24838.989729391993
1405,50385.220934280194
1406,44804.78597448522
1407,27444.633044257876
1408,37985.454634981696
1409,14637.38444789336
1410,51840.45917258994
1411,30172.983666981803
1412,30847.79508411791
1413,33082.457596148364
1414,30207.216480948846
1415,35225.23721710697
1416,68733.85035662248
1417,22613.731734007597
1418,12548.334752677125
1419,18342.605882920907
1420,20754.67167609115
1421,44557.36678195058
1422,28806.69889512332
1423,48173.494329129
1424,23475.123461491312
1425,27444.03290524613
1426,56340.728208079236
1427,22668.1596335168
1428,23151.408478530822
1429,28684.369618583005
1430,52865.89436095406
1431,36678.88269394869
1432,35425.37602140091
1433,9392.60480747372
1434,24591.210453450214
1435,42325.7929370444
1436,28312.580676868092
1437,23475.123461491312
1438,31524.797911490663
1439,27443.192710629664
1440,55964.45561605145
1441,44805.986252508825
1442,37365.40630611556
1443,23599.493210671586
1444,24842.273101681145
1445,37984.25435695809
1446,12539.55711142777
1447,25956.51705497934
1448,14663.219584442442
1449,28438.193325697444
1450,36165.73883233289
1451,12522.49215943634
1452,13850.118221819284
1453,13704.907230364857
1454,52866.614527768106
1455,47973.54257876566
1456,29100.405371011468
1457,44805.6261691018
1458,24963.59953417699
1459,55345.72759301134
1460,16195.97462055867
1461,33158.17321978882
1462,30924.826467195293
1463,15579.712180631002
1464,39842.47889871872
1465,40805.551388607826
1466,18997.84403356642
1467,30315.523264710442
1468,13424.651046564104
1469,44805.38611349708
1470,42945.84126591054
1471,55346.4477598255
1472,48176.80775374081
1473,47134.48381524673
1474,16305.445022098254
1475,32495.517640138627
1476,23844.75190276373
1477,30358.753459004685
1478,55346.4477598255
1479,23663.828573275125
1480,28806.938950727927
1481,9855.490304789622
1482,24715.220119223464
1483,21490.968809119775
1484,11983.731077705976
1485,28682.929284954793
1486,6002.272178551415
1487,7636.20658710727
1488,28683.529423966538
1489,43937.558508689166
1490,213.3412927846657
1491,10021.326043443289
1492,24710.20521794993
1493,12080.330739604658
1494,12256.814372024848
1495,20317.67414041492
1496,17898.45008859958
1497,18890.169227973674
1498,27443.79284964141
1499,4603.793822443113
1500,37336.9597169566
1501,27694.85549787234
1502,41704.42430235236
1503,16421.351446805056
1504,28401.828576728818
1505,27444.272960850853
1506,42324.712686823215
1507,6253.024582084501
1508,27939.47142932727
1509,32906.342397216824
1510,33743.15667274629
1511,29676.20688916417
1512,17420.3447530946
1513,40712.22694836429
1514,21491.088836922077
1515,-19277.2578379201
1516,22021.91064502485
1517,34034.6122301321
1518,19526.027274418506
1519,1427.0201487197774
1520,22139.120132145705
1521,42824.27477780997
1522,19970.731479740585
1523,10292.111915030051
1524,31242.48760227533
1525,1162.0559109433088
1526,35571.30452258233
1527,30296.615301437327
1528,28674.287283184938
1529,39844.6393991611
1530,26162.611983459676
1531,27337.737546253018
1532,50386.06112889666
1533,39741.775572540006
1534,38605.26290824311
1535,52865.65430534934
1536,38642.64830767515
1537,41458.96817628096
1538,55346.80784323253
1539,16646.728875082685
1540,19867.017808205797
1541,14538.865990850958
1542,5651.850126599544
1543,16464.09319760371
1544,31536.9520147742
1545,19528.221028182423
1546,23478.93705839885
1547,11663.782665130333
1548,51212.69992764143
1549,36498.58154535212
1550,22953.394333045115
1551,21492.049059340963
1552,28684.369618583005
1553,50384.98087867547
1554,25227.901029669796
1555,51871.253829293186
1556,8545.00306593068
1557,65757.53313481424
1558,13958.633979159174
1559,-7462.731093011564
1560,18072.24443667615
1561,30568.592870341497
1562,9313.81156838953
1563,59685.825839469326
1564,52866.614527768106
1565,30527.930768850376
1566,34721.80218070769
1567,15353.627857931424
1568,12827.567690407974
1569,8200.484781734296
1570,58447.04948756308
1571,32651.118561895448
1572,42945.84126591054
1573,14577.72956460854
1574,34143.59817368456
1575,16100.907810742501
1576,52865.53427754692
1577,39845.59962157998
1578,29675.486722350004
1579,30172.605635664077
1580,27940.071568339015
1581,30312.731485110242
1582,39844.99948256824
1583,15920.2625096275
1584,34431.15749536711
1585,15471.4724229977
1586,11956.860148094827
1587,27213.48832427489
1588,1832.3106457465328
1589,16034.663542900467
1590,50054.50812546909
1591,29428.187557617668
1592,10835.631075389218
1593,37613.06555425492
1594,31907.87584419863
1595,15247.270080369897
1596,13319.69114453462
1597,44557.72686535772
1598,39844.99948256824
1599,14662.332707603578
1600,52866.614527768106
1601,44494.943434918765
1602,18721.552801287733
1603,48649.925808071624
1604,25464.65777814039
1605,25142.248116448754
1606,42777.28674783697
1607,16364.483089181362
1608,17419.33727297501
1609,16725.180991241476
1610,31850.30293143785
1611,25714.965602725977
1612,44804.545918880496
1613,52431.63377202151
1614,24530.91487949202
1615,26366.946303207427
1616,33939.696474151686
1617,8527.502269697725
1618,28064.68137312401
1619,12714.53682904935
1620,42187.42204344238
1621,25802.510305493837
1622,25088.629819673137
1623,14803.254997869604
1624,14277.469841817277
1625,30170.445135221584
1626,27694.375386662898
1627,31970.410329227336
1628,17679.12843553815
1629,14011.178607083624
1630,50386.06112889666
1631,24784.398025256
1632,2380.626761340536
1633,30129.783980062
1634,36249.31931415654
1635,29676.08686136175
1636,30790.253408482997
1637,34517.87494450086
1638,47733.1115925248
1639,14482.666385590332
1640,17650.301546786446
1641,27137.561710034148
1642,11277.6475771236
1643,51252.68845568097
1644,43681.336155200144
1645,27692.412320199655
1646,42573.57221298618
1647,2665.7933556202333
1648,2539.761620169389
1649,26891.74731377873
1650,36497.33864570304
1651,39728.514683397836
1652,41705.74460817827
1653,24590.130203229026
1654,28932.508977931808
1655,27595.016129921423
1656,5164.083603851963
1657,37365.40630611556
1658,18607.699758636532
1659,21902.723820802523
1660,26811.884576201555
1661,27695.095553477062
1662,48.78388754371554
1663,55751.891928914934
1664,16973.688797023846
1665,39715.16659080214
1666,44147.71198136138
1667,55346.20770422078
1668,33213.019606014714
1669,31257.69197011518
1670,16037.720914779464
1671,17713.94833777356
1672,41084.496001288644
1673,33642.64896732371
1674,14135.064224617905
1675,23476.083683910198
1676,8198.486944327364
1677,23469.482154780417
1678,37364.806167103816
1679,37365.04622270854
1680,13638.456408386235
1681,30767.124375541927
1682,41085.69627931225
1683,26134.687529455987
1684,36254.03723076242
1685,58447.04948756308
1686,2578.7586305446457
1687,26449.87886236608
1688,41085.09614030039
1689,23925.56325774768
1690,27444.03290524613
1691,27692.292292397353
1692,68128.03144971211
1693,23475.96365610778
1694,23850.075747693074
1695,-5292.095237410278
1696,16772.34098000033
1697,26189.23661196651
1698,43565.28945576481
1699,23476.32373951492
1700,23476.2037117125
1701,26702.778171686572
1702,30118.425587846898
1703,12722.15103836055
1704,47285.5794289615
1705,28930.948616501177
1706,24964.842433826067
1707,6104.841638312442
1708,28932.74903353653
1709,28681.608979128767
1710,25779.47626308084
1711,7578.15665437479
1712,36887.64492916933
1713,4490.377013672027
1714,37364.806167103816
1715,36643.29813193111
1716,18354.904688857845
1717,15109.852815035498
1718,11603.74041073909
1719,41458.96817628096
1720,3941.4869143213145
1721,7436.970143609098
1722,5293.101947436575
1723,55345.48753740662
1724,44805.26608569466
1725,37381.68755447073
1726,51795.67496369593
1727,43564.92937235779
1728,41581.13480339327
1729,38604.30268582422
1730,40589.65761621937
1731,50760.53330388898
1732,29042.179149684263
1733,17089.066111324588
1734,6829.729093804257
1735,38605.38293604541
1736,29253.470831180573
1737,21343.44908106129
1738,21136.226274942164
1739,17544.206492078723
1740,-3736.112803457887
1741,27443.79284964141
1742,52866.614527768106
1743,40713.30719858548
1744,20871.04050805606
1745,30476.17366538744
1746,16606.302450687857
1747,10828.059673543437
1748,28310.78025983274
1749,707.1734850050416
1750,39968.409009329625
1751,9752.141072859638
1752,28061.920733669773
1753,12167.534805239411
1754,24839.709896206157
1755,37365.40630611556
1756,26093.376347875805
1757,18436.509516239166
1758,62167.33946075966
1759,23475.723600503057
1760,28684.1295629784
1761,27992.79520202754
1762,14437.517361060483
1763,16736.14468337875
1764,51006.46954116982
1765,33081.32337054226
1766,49948.2835203819
1767,39844.27931575407
1768,29923.025942686945
1769,39969.36923174851
1770,41226.13540222286
1771,42019.05054608174
1772,15365.945393445087
1773,19259.306293137255
1774,25088.08931115968
1775,26694.845501630567
1776,29177.76767002407
1777,12504.61931252468
1778,46900.59948511864
1779,17503.375677148462
1780,14932.795465128263
1781,33520.51699704246
1782,42252.05965308251
1783,30983.52898309438
1784,14168.606686612125
1785,37365.40630611556
1786,49635.52163293003
1787,10670.723250646028
1788,28684.249590780702
1789,20537.97468289174
1790,7040.343659911072
1791,32103.290942574968
1792,15331.670734894113
1793,17257.230710248463
1794,18465.901631731074
1795,26741.589446142316
1796,43123.46149820415
1797,34012.766440351494
1798,20044.67571331607
1799,20496.32827745902
1800,33154.48059701512
1801,28932.02886672248
1802,-12078.333560294122
1803,31488.138619351434
1804,42944.76101568923
1805,23850.435831100098
1806,28638.633780484553
1807,24963.83958978171
1808,47905.86781343224
1809,41458.00795386208
1810,23154.15803892538
1811,34903.401158789755
1812,29427.467390803504
1813,34139.4241967788
1814,24591.810592462076
1815,14568.571507527493
1816,5739.162986867828
1817,21615.33855830005
1818,16724.31132837443
1819,37983.894273551065
1820,34200.23948758654
1821,14986.105977634783
1822,56090.86583787191
1823,58445.849209539476
1824,31377.920855209697
1825,58821.5216625554
1826,15991.02263861883
1827,16697.60627640516
1828,23753.671047699754
1829,27218.22293619346
1830,55346.327732023085
1831,15208.912911626394
1832,29675.606750152307
1833,12667.906720608473
1834,16639.547423126758
1835,17760.381609914824
1836,42265.37714944396
1837,38604.30268582422
1838,28854.56907306763
1839,41952.56366170116
1840,28311.620454449207
1841,18271.029310143087
1842,35505.02126391255
1843,14184.122456573648
1844,19738.065141007653
1845,23598.89307165984
1846,27924.26145801565
1847,30453.502235748456
1848,23475.123461491312
1849,24964.43972879357
1850,29057.761543354136
1851,7908.37136939296
1852,34635.99338108115
1853,41455.92485959653
1854,42289.74279332266
1855,23473.4345541324
1856,29552.19722339092
1857,21491.3288925268
1858,52866.614527768106
1859,33693.04534619709
1860,44930.51865111699
1861,12250.39975114644
1862,28683.529423966538
1863,29182.49137594155
1864,28063.601122902823
1865,19856.164865253144
1866,50760.53330388898
1867,28931.54875551304
1868,43589.43693630735
1869,17900.05518483126
1870,17260.27729965886
1871,31679.23879446194
1872,-5705.536091876333
1873,41039.29638091894
1874,14877.144770268118
1875,29675.606750152307
1876,44984.19132569712
1877,21616.178752916516
1878,10876.496630359092
1879,12122.426271200413
1880,26327.22574647295
1881,30172.605635664077
1882,29800.216554937302
1883,15827.556439126143
1884,5365.2398205559
1885,7828.504053860088
1886,52866.01438875636
1887,49545.38640117878
1888,22450.44960206421
1889,58446.80943195836
1890,6373.101755319047
1891,58446.44934855134
1892,10837.806388156838
1893,24591.330481252633
1894,65267.10099388077
1895,42945.84126591054
1896,19264.514914220083
1897,26203.93624751398
1898,21071.1848050704
1899,51626.15778662893
1900,6023.762218921329
1901,42172.642282323795
1902,32773.207141939434
1903,28063.3610672981
1904,20929.073962219758
1905,23502.054358607507
1906,20974.744560034014
1907,27352.110414021998
1908,26258.041551729082
1909,21508.530244489666
1910,27487.685352487955
1911,41704.42430235236
1912,44804.34711425833
1913,22993.469050667016
1914,33226.92767865048
1915,26701.817949267686
1916,26702.17803267471
1917,36604.5260648831
1918,39841.87875970686
1919,18111.04410710989
1920,28407.654022716102
1921,14188.589407386025
1922,27443.312738431967
1923,21491.56894813152
1924,58821.5216625554
1925,1820.1132005063118
1926,8056.9127734309295
1927,10414.308612424298
1928,462.84410553751513
1929,27320.02323947288
1930,31636.820824896684
1931,4336.9304839983815
1932,36976.21333305864
1933,58446.209292946616
1934,29924.226220710552
1935,41702.50385751459
1936,26947.15404753678
1937,29924.466276315274
1938,36215.630749262054
1939,1484.2216199625982
1940,31632.036656262004
1941,26341.79127713223
1942,42945.84126591054
1943,26010.69959749072
1944,42944.28090447979
1945,21490.968809119775
1946,23475.123461491312
1947,52865.174194139894
1948,21122.405350691755
1949,28684.1295629784
1950,54106.11104648863
1951,398.05235517548863
1952,2406.139403926907
1953,43565.16942796251
1954,28527.054080561036
1955,25702.126874310314
1956,12324.837766664918
1957,42227.55103205005
1958,43968.6193323232
1959,5213.209047775716
1960,28684.729701990145
1961,30245.05437542335
1962,14421.285554482485
1963,37365.04622270854
1964,25209.35424181458
1965,52246.56619890209
1966,12873.344721369562
1967,22978.96477059601
1968,25993.605862488155
1969,51625.31759201235
1970,28311.380398844485
1971,42696.62165634043
1972,45802.73504342965
1973,55345.367509604315
1974,55343.0869813594
1975,26701.21781025594
1976,55965.77592187747
1977,17725.144805960706
1978,20157.07181899203
1979,-11985.834352420527
1980,9795.710195756517
1981,26461.099040396628
1982,41705.74460817827
1983,19720.819584384095
1984,14837.536153009161
1985,5959.505063146935
1986,5489.012159538805
1987,13829.58952325827
1988,11923.552695916733
1989,27444.633044257876
1990,65266.98096607847
1991,40708.86616989819
1992,36990.57404771622
1993,34659.29975141608
1994,58446.44934855134
1995,6058.616030277335
1996,24839.82992400846
1997,8926.319496352226
1998,27691.45209778077
1999,51250.28789963375
2000,55345.127453999594
2001,41459.92839869985
2002,21784.50408671389
2003,24591.330481252633
2004,22937.52375581686
2005,6940.944535611197
2006,43939.30341181625
2007,29675.846805757028
2008,4097.451715221629
2009,7891.710308537353
2010,27443.432766234386
2011,27444.513016455574
2012,52865.174194139894
2013,27403.053912273957
2014,17522.563014185405
2015,43565.28945576481
2016,40453.23211586941
2017,37365.16625051084
2018,39845.23953817296
2019,25955.316776955733
2020,3314.1794137625257
2021,16059.873600453138
2022,39597.100178824156
2023,43689.41914934036
2024,31669.34362710698
2025,27691.21204217605
2026,43558.687926635146
2027,31536.591931367177
2028,51872.09402390977
2029,27443.072682827245
2030,25496.39424487995
2031,55345.367509604315
2032,9141.692239367869
2033,24840.1900074156
2034,22713.750897818478
2035,41085.45622370753
2036,16933.390051665716
2037,55346.80784323253
2038,31336.810154334526
2039,13931.65813402296
2040,27691.45209778077
2041,52866.01438875636
2042,24591.690564659657
2043,44930.63867891929
2044,41160.77599838516
2045,79738.78321501182
2046,55966.25603308692
2047,27319.423100461136
2048,18889.072136760224
2049,-179.29006871394813
2050,13172.176975436276
2051,52865.414249744616
2052,17521.151631448884
2053,22412.921350256423
2054,39968.409009329625
2055,18021.240643587662
2056,57205.75255180732
2057,40810.352531442535
2058,10867.313555262866
2059,15274.861906546634
2060,7135.396740873926
2061,42325.7929370444
2062,39845.35956597526
2063,44801.78527942626
2064,26012.663689306122
2065,27972.74181071995
2066,21179.334773063776
2067,52246.086087692645
2068,24591.810592462076
2069,5196.5035075594205
2070,55966.015977482195
2071,47697.22400937101
2072,37365.28627831326
2073,24591.210453450214
2074,45465.27423902892
2075,21178.812009488465
2076,29180.76836508303
2077,14498.329437261797
2078,29552.0771955885
2079,28684.729701990145
2080,33517.09915630543
2081,26564.148691797047
2082,42325.19279803266
2083,37984.61444036523
2084,44183.29731199087
2085,42945.001071293955
2086,41922.0711686624
2087,28434.309814396547
2088,28335.93623223959
2089,5680.28760937287
2090,29924.226220710552
2091,52246.44617109967
2092,8003.7726985629415
2093,35352.53444348648
2094,41085.09614030039
2095,38462.63220622472
2096,24715.340147025883
2097,4344.945209087804
2098,8813.368805903126
2099,18726.88463756407
2100,8621.278096259222
2101,55346.4477598255
2102,52245.00583747134
2103,24592.050648066797
2104,24981.02663529711
2105,58819.72124552005
2106,52865.174194139894
2107,37107.58661739016
2108,22810.544088198803
2109,37163.19664952741
2110,16188.109635481494
2111,17628.07454182196
2112,29552.67733460036
2113,52865.054166337475
2114,22105.689321319573
2115,29552.67733460036
2116,42572.011851555435
2117,24841.583071698085
2118,18648.347291761893
2119,21157.003954005195
2120,19469.702705328004
2121,41705.264496968826
2122,44804.90600228764
2123,16632.810568077606
2124,55965.29581066803
2125,35388.782110047294
2126,53734.56216037832
2127,29181.411125720246
2128,16574.952249272377
2129,21741.431318338844
2130,26946.673936327337
2131,53733.361882354715
2132,37364.32605589437
2133,42281.62270577648
2134,14998.329013481154
2135,28740.040873929276
2136,47605.71296730556
2137,23227.731450973195
2138,52864.69408293045
2139,20347.933339881012
2140,30171.64541324519
2141,13999.639724348905
2142,27320.623378484743
2143,30780.74483491981
2144,31535.151597738848
2145,51005.869402158074
2146,-7752.018626440782
2147,56899.127853713464
2148,29427.707446408225
2149,28435.270036815433
2150,26509.42908262438
2151,20965.777259408496
2152,13276.439116091351
2153,55344.64734279015
2154,23191.13768111146
2155,24965.682628442533
2156,29179.44805925712
2157,43565.889594776556
2158,55257.3871304756
2159,16545.261844873196
2160,28808.619339960977
2161,42944.040848875185
2162,50385.82107329194
2163,42944.040848875185
2164,45903.01563422987
2165,43936.7183140727
2166,29127.774026923697
2167,47904.66753540863
2168,20142.088763681822
2169,23974.32546907093
2170,21741.671373943565
2171,18327.398596075596
2172,13806.789830510388
2173,41579.93452536967
2174,60924.00205236382
2175,21904.97898879298
2176,23848.232709032134
2177,42791.523432214744
2178,28438.673436906887
2179,39844.99948256824
2180,44805.986252508825
2181,22164.023563017137
2182,52866.374472163385
2183,21864.198084463016
2184,48937.830644795555
2185,36744.75783823768
2186,24314.98499076953
2187,44903.65121081192
2188,29924.226220710552
2189,23973.845357861603
2190,41672.20533988939
2191,16187.761315547279
2192,38098.20758207911
2193,36373.36122150661
2194,30875.19675151864
2195,28063.12101169338
2196,23839.548564135446
2197,28064.68137312401
2198,25211.85892132821
2199,39555.018720382126
2200,52866.25444436108
2201,13510.134162874194
2202,13254.74468009884
2203,27434.91079226695
2204,29551.717112181475
2205,39844.87945476582
2206,23475.723600503057
2207,2351.455371527816
2208,52246.56619890209
2209,42945.001071293955
2210,27444.513016455574
2211,17296.36869436328
2212,15957.578586858232
2213,35503.820985888946
2214,21532.94234459044
2215,40467.50085598428
2216,27444.272960850853
2217,2274.4584709231276
2218,5210.2746354859555
2219,52865.2942219422
2220,7978.587633772637
2221,8574.164359923569
2222,19669.071560091455
2223,44805.26608569466
2224,39844.759426963516
2225,37363.485861277906
2226,27320.623378484743
2227,18515.697052981355
2228,24245.691661443096
2229,20210.95598373632
2230,21491.56894813152
2231,30814.890708651743
2232,42572.49196276488
2233,27575.654697895283
2234,34000.34565696586
2235,15919.228411324671
2236,23767.507646098267
2237,18702.320136012277
2238,14857.012341048801
2239,16384.439945949707
2240,25761.033656811574
2241,52245.12586527376
2242,21334.68925435096
2243,39470.64733537822
2244,44441.851625144714
2245,8658.26431463752
2246,43223.79017261008
2247,15034.674978387775
2248,5519.256192959496
2249,10228.935943027143
2250,28916.44409795862
2251,13592.489576720633
2252,29759.95664530748
2253,55346.4477598255
2254,63406.83597948006
2255,14055.61949019041
2256,31394.8093191589
2257,33830.95729110681
2258,23269.371992005967
2259,32263.134876267868
2260,442.8885180808138
2261,43565.16942796251
2262,26202.49591388565
2263,34807.096053833026
2264,52865.77433315164
2265,12384.714868814219
2266,37114.86639071966
2267,29303.457725030254
2268,14685.535662903101
2269,15781.705800666125
2270,19474.462783019873
2271,40276.666358651244
2272,55345.367509604315
2273,21536.792924723588
2274,27589.124143597903
2275,42945.361154701095
2276,29630.224304329604
2277,15720.756099529914
2278,11763.180253848783
2279,23743.359766497044
2280,58447.04948756308
2281,43957.18682461628
2282,61614.17251255317
2283,24591.810592462076
2284,17560.38129450532
2285,50384.62079526833
2286,40823.2736114827
2287,23159.689026250737
2288,27692.05223679263
2289,23132.324057955877
2290,28562.877480513533
2291,12287.190480840392
2292,20830.227282964624
2293,9784.797374158632
2294,45819.10163201566
2295,55217.91182211402
2296,38728.91249060922
2297,22236.22708178265
2298,27867.750622865395
2299,28934.038102236693
2300,35879.01332769543
2301,30037.02730953321
2302,43565.28945576481
2303,29572.723653677036
2304,68732.65007859888
2305,11173.207419322804
2306,27769.12068253546
2307,36844.73465077125
2308,21553.069895901717
2309,44804.665946682915
2310,39969.00914834137
2311,31305.72476674698
2312,47906.22789683938
2313,17838.862907317118
2314,24839.82992400846
2315,24840.06997961318
2316,27433.47045863862
2317,15532.969093590858
2318,52865.65430534934
2319,16935.35803619749
2320,44805.14605789236
2321,18279.607314551366
2322,41457.365193224745
2323,27319.78318386816
2324,7170.083298293524
2325,43937.318453084445
2326,41083.17569546262
2327,40963.40962439752
2328,10589.107508007204
2329,49931.155757958535
2330,29004.892522745184
2331,42944.88104349165
2332,30792.894020134932
2333,18811.476442533894
2334,19244.422174012987
2335,57206.71277422621
2336,18012.436780260876
2337,23847.75259782269
2338,52485.29661046469
2339,52865.65430534934
2340,16023.524176980718
2341,33332.99107585347
2342,42945.241126898676
2343,36744.27772702824
2344,12565.986716858228
2345,29923.74610950111
2346,25759.08956361143
2347,18579.568876155536
2348,32604.814454682404
2349,54188.32863160118
2350,47812.397512121126
2351,9154.126675528008
2352,28684.249590780702
2353,40525.98086176952
2354,19521.649193303543
2355,42933.8384856747
2356,11565.150407826062
2357,27443.432766234386
2358,29377.86552877538
2359,18890.169227973674
2360,14631.443484683638
2361,24965.44257283793
2362,35879.13335549785
2363,47286.05954017083
2364,16396.214855149738
2365,32726.922490420402
2366,60182.584669376374
2367,18890.409283578396
2368,19496.589418848278
2369,27443.79284964141
2370,47285.819484566106
2371,37091.04537194432
2372,23671.280804790207
2373,29676.32691696647
2374,28062.88095608866
2375,31535.39165334357
2376,24845.66942519031
2377,24591.210453450214
2378,28932.74903353653
2379,11813.603412318975
2380,29806.640955133364
2381,28684.729701990145
2382,33330.117515919614
2383,46142.01526550797
2384,44932.43909595464
2385,52865.2942219422
2386,25955.316776955733
2387,4445.635426403489
2388,5618.00069911161
2389,8301.58213635895
2390,14117.407944399514
2391,24839.82992400846
2392,34284.16624494339
2393,16277.203218200477
2394,52866.13441655878
2395,37364.806167103816
2396,55346.80784323253
2397,20092.649002982187
2398,51625.31759201235
2399,65266.98096607847
2400,55346.80784323253
2401,29199.26724575227
2402,20011.261528038303
2403,31978.37824437418
2404,52866.01438875636
2405,54732.75382790202
2406,26922.508132262155
2407,5590.867498647189
2408,8001.9995870768325
2409,29517.629216311732
2410,32651.838728709612
2411,29475.33119117655
2412,25958.840204849606
2413,16106.69738435524
2414,52866.25444436108
2415,29924.826359722298
2416,25956.51705497934
2417,45415.88470667729
2418,82875.51331125922
2419,51006.34951336752
2420,40467.73104471166
2421,50386.30118450138
2422,49756.64574411849
2423,33551.09762060712
2424,52865.53427754692
2425,42939.5998201879
2426,17634.10859896429
2427,27267.74998371885
2428,40425.53215956141
2429,25984.505297477124
2430,50077.63924633304
2431,47905.62775782752
2432,42944.88104349165
2433,14103.104977252427
2434,26764.918961088406
2435,12585.344164366135
2436,27692.05223679263
2437,27081.912387116812
2438,44804.06580767105
2439,32282.36258755671
2440,24839.469840601436
2441,51253.28859469271
2442,28683.529423966538
2443,32114.639012861066
2444,36497.33864570304
2445,19991.90451468085
2446,28064.56134532171
2447,26590.75861986645
2448,44557.24675414828
2449,31536.351875762455
2450,35719.16480875318
2451,27444.272960850853
2452,44805.986252508825
2453,8339.048239946598
2454,26990.676816678955
2455,45771.61049278232
2456,15190.169101631851
2457,41856.254585007555
2458,42945.60121030582
2459,37363.72591688251
2460,37116.06666874315
2461,44805.7461969041
2462,25341.43040520011
2463,41084.85608469567
2464,13435.90392122313
2465,27406.693051932845
2466,688.771585806855
2467,41085.21616810281
2468,26754.79250440176
2469,41024.730377248954
2470,11450.203348066425
2471,32675.990211729542
2472,35410.91946686362
2473,14255.960332972114
2474,31911.475762678194
2475,21800.044491529814
2476,17283.722070018295
2477,8765.83308614185
2478,27044.58037899749
2479,31411.74207097746
2480,33374.25550561061
2481,23475.96365610778
2482,36991.816947365296
2483,25573.286339720944
2484,19832.466558746528
2485,22607.89599569526
2486,36545.26601363858
2487,29923.98616510583
2488,23490.053749666666
2489,21877.316659963224
2490,61546.570965079474
2491,15164.343509970233
2492,4391.114021121641
2493,40588.45733819576
2494,23848.11268122983
2495,50593.939535304205
2496,8963.92735719867
2497,23915.081848114845
2498,31536.351875762455
2499,26864.831219567568
2500,37061.0160740345
2501,37612.465415243176
2502,28311.260371042183
2503,15820.17321919452
2504,14047.133818396716
2505,47905.507730025216
2506,39968.409009329625
2507,55966.85617209866
2508,4785.472210116452
2509,43565.889594776556
2510,13394.230843012687
2511,43491.89876783884
2512,29179.928170466563
2513,58040.83287161682
2514,29653.971366073587
2515,8894.613272126415
2516,18873.833638041862
2517,29676.687000373495
2518,5491.541854125331
2519,22461.313296745066
2520,34884.612851639395
2521,29676.32691696647
2522,47266.353335636086
2523,12157.16310147976
2524,29134.74220287148
2525,41085.45622370753
2526,31287.492349599488
2527,24591.450509054936
2528,40280.60960291815
2529,28586.740236063488
2530,43937.318453084445
2531,25955.796888165176
2532,37985.33460717928
2533,43305.24242630857
2534,7187.918087927857
2535,31536.591931367177
2536,9630.823692981387
2537,60541.48801461351
2538,4977.133103612112
2539,41085.45622370753
2540,28024.675171873532
2541,22337.269576171762
2542,29177.40758661693
2543,13236.62066778238
2544,40963.64968000224
2545,31593.887903577415
2546,47484.810282759136
2547,51871.253829293186
2548,4279.819293092238
2549,11894.284200991155
2550,44805.38611349708
2551,28720.626236430136
2552,12076.354837569757
2553,26930.571126796887
2554,24839.58986840374
2555,48077.846739015076
2556,25210.298559897463
2557,21985.20727175742
2558,39596.98015102174
2559,14149.066373490728
2560,35239.56165696995
2561,28312.34062126337
2562,51606.47322704212
2563,25956.51705497934
2564,32183.647833774914
2565,40218.871518548694
2566,34072.99040293228
2567,43937.318453084445
2568,23974.085413466208
2569,56341.32834709098
2570,61540.209491554415
2571,58446.68940415606
2572,24963.719561979407
2573,20421.140879373997
2574,16130.282380743534
2575,30172.605635664077
2576,10980.818821891444
2577,40963.1695687928
2578,17148.074439645163
2579,19050.119753274368
2580,14939.84323650715
2581,25956.27699937462
2582,32653.03900673322
2583,37116.18669654557
2584,26958.81063167937
2585,21913.04542828584
2586,28064.44131751929
2587,18023.4512266987
2588,5928.230866524973
2589,23599.493210671586
2590,41458.96817628096
2591,17602.735094476957
2592,6940.396726641688
2593,11148.810577178723
2594,1026.9902024591574
2595,40963.40962439752
2596,14726.211231329129
2597,42324.472631218494
2598,14773.308527956251
2599,19690.998214614578
2600,32652.558895523776
2601,40466.890850095195
2602,15633.96014278836
2603,19596.846393016633
2604,48279.49979380809
2605,37352.08877089387
2606,-3171.8261561179534
2607,50386.421212303685
2608,25193.870509631
2609,31536.351875762455
2610,47285.819484566106
2611,24385.488120696507
2612,12880.799213866005
2613,21541.693790315185
2614,25939.995839879266
2615,41705.144469166524
2616,29179.3280314547
2617,13262.640964608872
2618,21616.178752916516
2619,19792.291843668092
2620,3245.1991275489563
2621,51253.408622495015
2622,22110.238352418062
2623,4034.753846662119
2624,37984.49441256281
2625,52245.48594868078
2626,8302.279340214096
2627,10132.283509805915
2628,31529.196920583607
2629,21465.367372914683
2630,14881.978667850839
2631,44805.38611349708
2632,34636.47349229059
2633,41698.337028092006
2634,29259.01068093232
2635,22331.596213723766
2636,36284.57606508443
2637,36751.643530489295
2638,26320.64446426928
2639,8608.50208941556
2640,29472.9798201659
2641,30172.485607861658
2642,27311.021154296002
2643,16660.03447377321
2644,42945.84126591054
2645,12306.392572082928
2646,29924.226220710552
2647,24956.560515463352
2648,16501.975345438463
2649,31288.212516413652
2650,29676.20688916417
2651,37984.49441256281
2652,32156.400204628473
2653,24591.810592462076
2654,23536.087837812258
2655,42942.84057085158
2656,12434.569042026065
2657,42945.241126898676
2658,28585.027976933285
2659,17921.146376966615
2660,17233.671259954455
2661,51005.14923534391
2662,42945.241126898676
2663,17083.023617203464
2664,5593.638645870262
2665,42448.362269189325
2666,55966.73614429636
2667,32652.438867721357
2668,44397.29158547858
2669,26048.80414132669
2670,17933.58737653785
2671,29342.990439963178
2672,11636.205407319358
2673,29540.794582166825
2674,37115.70658533613
2675,22267.377151145018
2676,39597.46026223118
2677,9655.710482471972
2678,30172.605635664077
2679,22109.53418273211
2680,21366.959143346525
2681,41074.29363808816
2682,10601.360909736133
2683,24839.709896206157
2684,21491.3288925268
2685,21742.511568560032
2686,41705.62458037597
2687,41458.848148478544
2688,31186.450102530885
2689,21305.628125695162
2690,28932.268922327203
2691,39172.77066036151
2692,29551.597084379056
2693,14290.171842930256
2694,50617.474002092145
2695,13601.486014077673
2696,36666.10341437918
2697,37117.02689116204
2698,43068.41059805546
2699,15627.391810987145
2700,59334.9935244621
2701,14867.43914817681
2702,10826.509334089584
2703,22100.888938976685
2704,24515.973326417152
2705,27786.4015991888
2706,18333.39433837356
2707,22098.706948685576
2708,1754.4818575588288
2709,18040.52650061925
2710,23848.352736834553
2711,14785.426417925977
2712,24840.43006302032
2713,3780.5032054824987
2714,14768.488827059744
2715,17654.28747079824
2716,44557.72686535772
2717,16293.89321634022
2718,22608.256079102284
2719,30318.602281537373
2720,52866.614527768106
2721,31744.562440037495
2722,14535.265029059956
2723,18682.30296655756
2724,15746.287576993578
2725,8384.268293082016
2726,26621.336572736385
2727,15103.472642946988
2728,16640.30291840399
2729,15396.438044944429
2730,36818.77877897897
2731,16449.28805827163
2732,14309.418599372962
2733,27415.892571088858
2734,15430.264081800822
2735,12874.172890594928
2736,-9966.976176858996
2737,52866.614527768106
2738,44805.38611349708
